{"warnings":[{"file":"/Users/martin/Documents/MakeSchool/Robot-Wars-SpriteKit-Clone/RobotWarsOSX/Engine/Robot.h","line":14,"symbol":"RobotWallHitDirection","symbol_kind":"sourcekitten.source.lang.objc.decl.typedef","warning":"undocumented"},{"file":"/Users/martin/Documents/MakeSchool/Robot-Wars-SpriteKit-Clone/RobotWarsOSX/Engine/Robot.h","line":14,"symbol":"RobotWallHitDirection","symbol_kind":"sourcekitten.source.lang.objc.decl.enum","warning":"undocumented"},{"file":"/Users/martin/Documents/MakeSchool/Robot-Wars-SpriteKit-Clone/RobotWarsOSX/Engine/Robot.h","line":15,"symbol":"RobotWallHitDirectionNone","symbol_kind":"sourcekitten.source.lang.objc.decl.enumcase","warning":"undocumented"},{"file":"/Users/martin/Documents/MakeSchool/Robot-Wars-SpriteKit-Clone/RobotWarsOSX/Engine/Robot.h","line":16,"symbol":"RobotWallHitDirectionFront","symbol_kind":"sourcekitten.source.lang.objc.decl.enumcase","warning":"undocumented"},{"file":"/Users/martin/Documents/MakeSchool/Robot-Wars-SpriteKit-Clone/RobotWarsOSX/Engine/Robot.h","line":17,"symbol":"RobotWallHitDirectionLeft","symbol_kind":"sourcekitten.source.lang.objc.decl.enumcase","warning":"undocumented"},{"file":"/Users/martin/Documents/MakeSchool/Robot-Wars-SpriteKit-Clone/RobotWarsOSX/Engine/Robot.h","line":18,"symbol":"RobotWallHitDirectionRear","symbol_kind":"sourcekitten.source.lang.objc.decl.enumcase","warning":"undocumented"},{"file":"/Users/martin/Documents/MakeSchool/Robot-Wars-SpriteKit-Clone/RobotWarsOSX/Engine/Robot.h","line":19,"symbol":"RobotWallHitDirectionRight","symbol_kind":"sourcekitten.source.lang.objc.decl.enumcase","warning":"undocumented"},{"file":"/Users/martin/Documents/MakeSchool/Robot-Wars-SpriteKit-Clone/RobotWarsOSX/Engine/Robot.h","line":22,"symbol":"Robot","symbol_kind":"sourcekitten.source.lang.objc.decl.class","warning":"undocumented"},{"file":"/Users/martin/Documents/MakeSchool/Robot-Wars-SpriteKit-Clone/RobotWarsOSX/Engine/Robot.h","line":24,"symbol":"creator","symbol_kind":"sourcekitten.source.lang.objc.decl.property","warning":"undocumented"},{"file":"/Users/martin/Documents/MakeSchool/Robot-Wars-SpriteKit-Clone/RobotWarsOSX/Engine/Robot.h","line":25,"symbol":"robotClass","symbol_kind":"sourcekitten.source.lang.objc.decl.property","warning":"undocumented"}],"source_directory":"/Users/martin/Documents/MakeSchool/Robot-Wars-SpriteKit-Clone/RobotWarsOSX"}